{
  "scripts/generate_html.py": 1775390350.8139138,
  "scripts/upload_instagram.py": 1775534611.8411348,
  "scripts/geeknews_pipeline.py": 1775356503.6653054,
  "scripts/export_images.py": 1775621706.815062,
  "README.md": 1774694293.3547225,
  "claude.md": 1775884890.452151,
  "skills/image-exporter.md": 1774694293.4013627,
  "skills/slide-content.md": 1774694293.4015472,
  "skills/html-template.md": 1774694293.401137,
  "output/gn_2026_w14_03/slide_05.png": 1775389901.327241,
  "output/gn_2026_w14_03/slide_04.png": 1775389901.1749125,
  "output/gn_2026_w14_03/slide_01.png": 1775389900.6972876,
  "output/gn_2026_w14_03/slide_03.png": 1775390519.9219232,
  "output/gn_2026_w14_03/slide_02.png": 1775389900.8666053,
  "output/gn_2026_w14_04/slide_05.png": 1775389906.9776285,
  "output/gn_2026_w14_04/slide_04.png": 1775389906.8267772,
  "output/gn_2026_w14_04/slide_01.png": 1775389906.3329916,
  "output/gn_2026_w14_04/slide_03.png": 1775390521.6254406,
  "output/gn_2026_w14_04/slide_02.png": 1775389906.5012183,
  "output/gn_2026_w14_05/slide_05.png": 1775429938.0015686,
  "output/gn_2026_w14_05/slide_04.png": 1775429937.8521605,
  "output/gn_2026_w14_05/slide_01.png": 1775429937.3631527,
  "output/gn_2026_w14_05/slide_03.png": 1775429937.689071,
  "output/gn_2026_w14_05/slide_02.png": 1775429937.5265977,
  "output/gn_2026_w14_02/slide_05.png": 1775389895.9768043,
  "output/gn_2026_w14_02/slide_04.png": 1775389895.824977,
  "output/gn_2026_w14_02/slide_01.png": 1775389895.3528771,
  "output/gn_2026_w14_02/slide_03.png": 1775390518.208034,
  "output/gn_2026_w14_02/slide_02.png": 1775389895.5164013,
  "output/gn_2026_w14_07/slide_01.png": 1775621487.7240252,
  "output/gn_2026_w14_01/slide_05.png": 1775189622.7484224,
  "output/gn_2026_w14_01/slide_04.png": 1775189622.5483265,
  "output/gn_2026_w14_01/slide_01.png": 1775621139.2775598,
  "output/gn_2026_w14_01/slide_03.png": 1775189622.3386345,
  "output/gn_2026_w14_01/slide_02.png": 1775189622.1088936,
  "output/gn_2026_w14_06/slide_05.png": 1775446478.0427234,
  "output/gn_2026_w14_06/slide_04.png": 1775446477.891817,
  "output/gn_2026_w14_06/slide_01.png": 1775446477.4236155,
  "output/gn_2026_w14_06/slide_03.png": 1775446477.746956,
  "output/gn_2026_w14_06/slide_02.png": 1775446477.5844655,
  "output/ep09/slide_06.png": 1774694293.394417,
  "output/ep09/slide_07.png": 1774694293.3960292,
  "output/ep09/slide_05.png": 1774694293.392798,
  "output/ep09/slide_04.png": 1774694293.3910482,
  "output/ep09/slide_01.png": 1774694293.3844023,
  "output/ep09/slide_03.png": 1774694293.3895142,
  "output/ep09/slide_02.png": 1774694293.3877006,
  "output/ep09/slide_08.png": 1774694293.3995087,
  "output/ep08/slide_06.png": 1774694293.3749144,
  "output/ep08/slide_07.png": 1774694293.3764899,
  "output/ep08/slide_05.png": 1774694293.3736515,
  "output/ep08/slide_04.png": 1774694293.3724186,
  "output/ep08/slide_01.png": 1774694293.3666327,
  "output/ep08/slide_03.png": 1774694293.3707292,
  "output/ep08/slide_02.png": 1774694293.3691127,
  "output/ep08/slide_08.png": 1774694293.3801124
}